t,ax,ay,az,gx,gy,gz,wx,wy,wz
0.024803,-0.2285,-0.9395,0.2598,-0.37,0.43,-1.46,-75.72,14.16,53.39
0.024803,-0.2319,-0.9365,0.2583,0.00,0.49,-1.22,-75.73,14.16,53.33
0.069379,-0.2275,-0.9360,0.2607,-0.12,0.85,-1.04,-75.73,14.16,53.27
0.069379,-0.2300,-0.9365,0.2622,-0.18,1.04,-0.61,-75.73,14.16,53.22
0.098739,-0.2354,-0.9346,0.2656,-0.55,0.49,-0.37,-75.73,14.16,53.17
0.098739,-0.2339,-0.9355,0.2642,-0.73,0.00,-0.37,-75.73,14.16,53.14
0.129416,-0.2314,-0.9336,0.2681,-0.98,-0.06,-0.61,-75.73,14.16,53.09
0.129416,-0.2275,-0.9404,0.2617,-1.16,0.24,-0.92,-75.73,14.16,53.06
0.193760,-0.2295,-0.9429,0.2612,-0.79,0.55,-1.10,-75.73,14.16,53.03
0.193760,-0.2295,-0.9395,0.2637,-0.49,0.92,-0.85,-75.73,14.16,52.99
0.218750,-0.2324,-0.9370,0.2617,-0.12,0.98,-0.67,-75.73,14.16,52.97
0.218750,-0.2290,-0.9385,0.2603,0.12,1.04,-0.43,-75.73,14.16,52.94
0.249660,-0.2305,-0.9395,0.2637,0.31,1.28,-0.31,-75.73,14.16,52.90
0.249660,-0.2314,-0.9360,0.2637,0.18,1.53,-0.55,-75.73,14.16,52.90
0.309382,-0.2295,-0.9346,0.2612,0.06,1.71,-0.67,-75.73,14.16,52.90
0.309382,-0.2300,-0.9331,0.2603,-0.18,1.71,-0.73,-75.73,14.16,52.90
0.339373,-0.2324,-0.9346,0.2607,-0.43,1.40,-0.79,-75.73,14.16,52.90
0.339373,-0.2349,-0.9355,0.2598,-0.43,0.98,-0.67,-75.73,14.16,52.90
0.369671,-0.2373,-0.9346,0.2642,-0.73,0.85,-0.79,-75.73,14.16,52.90
0.369671,-0.2314,-0.9375,0.2588,-0.85,0.73,-0.67,-75.73,14.16,52.90
0.429688,-0.2295,-0.9409,0.2515,-0.43,0.24,-0.24,-75.73,14.16,52.90
0.429688,-0.2241,-0.9399,0.2446,-0.12,0.49,-0.18,-75.73,14.16,52.90
0.458614,-0.2349,-0.9341,0.2671,0.00,0.73,-0.31,-75.73,14.16,52.90
0.458614,-0.2305,-0.9380,0.2612,-0.37,1.04,-0.31,-75.73,14.16,52.90
0.500686,-0.2256,-0.9414,0.2534,-0.37,1.04,-0.18,-75.73,14.16,52.90
0.500686,-0.2256,-0.9438,0.2500,0.00,1.22,0.00,-75.73,14.16,52.90
0.549457,-0.2358,-0.9429,0.2544,0.24,1.10,0.00,-75.73,14.16,52.90
0.549457,-0.2383,-0.9380,0.2622,0.37,0.43,0.24,-75.74,14.16,52.90
0.579991,-0.2412,-0.9351,0.2710,0.06,-0.61,0.61,-75.73,14.17,52.91
0.579991,-0.2334,-0.9438,0.2632,0.12,-1.77,1.16,-75.72,14.18,52.94
0.608814,-0.2261,-0.9502,0.2583,0.85,-2.32,1.65,-75.70,14.19,52.99
0.608814,-0.2275,-0.9512,0.2563,1.83,-2.08,2.01,-75.66,14.22,53.05
0.669756,-0.2305,-0.9443,0.2583,2.38,-1.34,1.95,-75.60,14.25,53.10
0.669756,-0.2305,-0.9351,0.2651,2.69,-0.85,2.01,-75.54,14.29,53.13
0.698862,-0.2310,-0.9360,0.2651,2.44,-0.73,1.89,-75.49,14.33,53.16
0.698862,-0.2339,-0.9326,0.2607,2.56,-1.04,2.08,-75.43,14.36,53.18
0.729644,-0.2334,-0.9258,0.2656,1.95,-0.79,1.89,-75.37,14.40,53.22
0.729644,-0.2334,-0.9312,0.2632,1.59,-0.49,1.89,-75.33,14.43,53.24
0.790481,-0.2402,-0.9370,0.2646,1.65,-1.10,2.08,-75.29,14.47,53.27
0.790481,-0.2368,-0.9341,0.2656,1.59,-1.77,2.08,-75.25,14.50,53.32
0.818847,-0.2378,-0.9331,0.2725,1.34,-1.89,2.01,-75.20,14.53,53.37
0.818847,-0.2402,-0.9331,0.2715,0.98,-1.65,1.77,-75.17,14.56,53.42
0.849697,-0.2358,-0.9321,0.2700,0.79,-1.16,1.40,-75.14,14.58,53.45
0.849697,-0.2329,-0.9365,0.2681,0.85,-0.73,1.10,-75.12,14.61,53.48
0.909746,-0.2383,-0.9380,0.2690,0.92,-0.37,0.85,-75.09,14.62,53.50
0.909746,-0.2402,-0.9346,0.2695,1.16,-0.37,0.73,-75.07,14.64,53.51
0.938803,-0.2393,-0.9297,0.2734,1.22,-0.85,0.61,-75.04,14.65,53.53
0.938803,-0.2363,-0.9282,0.2734,0.85,-1.04,0.43,-75.01,14.66,53.55
0.969638,-0.2388,-0.9282,0.2710,0.31,-0.85,0.12,-74.99,14.66,53.57
0.969638,-0.2393,-0.9277,0.2710,0.31,-0.73,-0.06,-74.98,14.66,53.59
1.029616,-0.2358,-0.9321,0.2695,0.43,-0.73,-0.18,-74.97,14.65,53.60
1.029616,-0.2354,-0.9355,0.2690,0.73,-1.04,-0.06,-74.95,14.64,53.62
1.084699,-0.2373,-0.9360,0.2729,0.85,-1.04,0.00,-74.93,14.64,53.65
1.084699,-0.2441,-0.9312,0.2808,0.37,-0.79,-0.43,-74.91,14.63,53.66
1.089585,-0.2368,-0.9307,0.2744,0.00,-0.31,-0.49,-74.90,14.62,53.67
1.089585,-0.2334,-0.9321,0.2632,0.18,-0.18,-0.37,-74.90,14.61,53.68
1.149505,-0.2285,-0.9346,0.2573,0.73,0.24,-0.18,-74.89,14.61,53.67
1.149505,-0.2456,-0.9307,0.2822,0.61,0.00,-0.24,-74.88,14.61,53.67
1.178610,-0.2432,-0.9282,0.2778,0.00,-0.43,-0.55,-74.87,14.60,53.67
1.178610,-0.2344,-0.9287,0.2720,-0.06,-0.92,-0.67,-74.87,14.58,53.68
1.209621,-0.2314,-0.9346,0.2661,-0.06,-0.61,-0.79,-74.87,14.57,53.70
1.209621,-0.2354,-0.9360,0.2715,-0.06,-0.43,-0.92,-74.87,14.55,53.70
1.269617,-0.2388,-0.9297,0.2720,-0.18,-0.85,-0.67,-74.87,14.53,53.71
1.269617,-0.2358,-0.9282,0.2729,-0.06,-1.04,-0.43,-74.87,14.52,53.73
1.298843,-0.2324,-0.9346,0.2734,0.12,-0.73,-0.06,-74.86,14.51,53.75
1.298843,-0.2314,-0.9438,0.2686,0.49,-0.31,0.12,-74.85,14.51,53.76
1.329596,-0.2354,-0.9438,0.2739,0.79,-0.12,0.31,-74.83,14.51,53.77
1.329596,-0.2373,-0.9380,0.2720,0.92,-0.12,0.49,-74.82,14.52,53.77
1.391092,-0.2432,-0.9307,0.2837,0.67,-0.55,0.55,-74.79,14.53,53.78
1.391092,-0.2388,-0.9292,0.2759,0.24,-0.73,0.43,-74.78,14.54,53.80
1.418783,-0.2383,-0.9277,0.2764,0.37,-0.67,0.61,-74.77,14.55,53.82
1.418783,-0.2368,-0.9292,0.2739,0.12,-0.37,0.67,-74.76,14.56,53.83
1.479579,-0.2373,-0.9307,0.2729,0.18,-0.55,0.67,-74.75,14.57,53.85
1.479579,-0.2393,-0.9312,0.2783,0.12,-0.92,0.73,-74.74,14.58,53.87
1.508828,-0.2368,-0.9316,0.2798,0.00,-0.55,0.67,-74.73,14.60,53.89
1.508828,-0.2383,-0.9341,0.2778,0.00,-0.31,0.49,-74.73,14.61,53.90
1.541272,-0.2373,-0.9351,0.2739,-0.06,0.00,0.37,-74.73,14.62,53.91
1.541272,-0.2368,-0.9316,0.2749,0.06,0.06,0.43,-74.73,14.63,53.91
1.599579,-0.2383,-0.9258,0.2764,0.00,0.12,0.49,-74.73,14.64,53.92
1.599579,-0.2393,-0.9224,0.2749,-0.24,0.06,0.24,-74.73,14.65,53.92
1.628769,-0.2393,-0.9253,0.2739,-0.49,0.00,-0.06,-74.74,14.66,53.92
1.628769,-0.2383,-0.9277,0.2715,-0.73,0.00,-0.43,-74.75,14.65,53.92
1.659480,-0.2397,-0.9272,0.2729,-1.16,-0.06,-0.61,-74.77,14.64,53.92
1.659480,-0.2451,-0.9272,0.2744,-1.46,-0.49,-0.85,-74.79,14.62,53.92
1.720105,-0.2393,-0.9292,0.2715,-1.34,-0.98,-0.73,-74.82,14.61,53.93
1.720105,-0.2344,-0.9321,0.2700,-0.85,-1.04,-0.43,-74.84,14.59,53.95
1.808852,-0.2339,-0.9390,0.2700,-0.43,-0.92,-0.12,-74.84,14.58,53.96
1.808852,-0.2383,-0.9360,0.2729,-0.18,-0.73,-0.12,-74.84,14.57,53.98
1.808890,-0.2368,-0.9297,0.2793,-0.37,-0.79,-0.12,-74.85,14.57,54.00
1.808890,-0.2363,-0.9307,0.2715,-0.31,-1.04,0.12,-74.85,14.57,54.02
1.839746,-0.2305,-0.9307,0.2593,-0.12,-0.73,0.00,-74.85,14.56,54.04
1.839746,-0.2363,-0.9302,0.2729,0.31,-0.12,-0.12,-74.84,14.56,54.05
1.881396,-0.2427,-0.9268,0.2866,-0.55,0.12,-1.04,-74.85,14.55,54.04
1.881396,-0.2354,-0.9263,0.2764,-1.04,0.12,-1.22,-74.87,14.53,54.04
1.899919,-0.2310,-0.9355,0.2690,-1.04,0.31,-1.28,-74.89,14.51,54.03
1.899919,-0.2368,-0.9385,0.2705,-1.10,0.43,-1.34,-74.92,14.49,54.01
1.961973,-0.2402,-0.9336,0.2744,-1.34,0.00,-1.53,-74.94,14.46,53.99
1.961973,-0.2373,-0.9243,0.2773,-1.53,-0.37,-1.77,-74.98,14.44,53.99
1.991717,-0.2305,-0.9297,0.2720,-1.77,0.06,-1.83,-75.01,14.40,53.98
1.991717,-0.2300,-0.9419,0.2676,-1.71,0.67,-1.95,-75.05,14.36,53.96
2.019575,-0.2344,-0.9443,0.2666,-1.53,0.98,-1.95,-75.09,14.34,53.94
2.019575,-0.2339,-0.9375,0.2695,-1.46,0.92,-1.83,-75.12,14.30,53.90
2.080191,-0.2280,-0.9365,0.2632,-1.46,0.73,-1.83,-75.16,14.28,53.88
2.080191,-0.2334,-0.9302,0.2749,-1.95,0.55,-1.95,-75.20,14.24,53.85
2.135762,-0.2305,-0.9316,0.2646,-2.38,0.24,-2.08,-75.25,14.21,53.84
2.135762,-0.2305,-0.9312,0.2637,-2.50,-0.06,-1.95,-75.30,14.17,53.83
2.139762,-0.2275,-0.9351,0.2646,-2.81,0.18,-2.01,-75.36,14.14,53.81
2.139762,-0.2275,-0.9419,0.2637,-2.81,0.24,-1.95,-75.42,14.10,53.80
2.199968,-0.2300,-0.9399,0.2617,-2.62,0.00,-1.71,-75.47,14.07,53.78
2.199968,-0.2261,-0.9409,0.2607,-2.62,-0.06,-1.83,-75.53,14.04,53.78
2.229988,-0.2261,-0.9404,0.2617,-2.69,0.24,-1.83,-75.59,14.00,53.77
2.229988,-0.2231,-0.9448,0.2583,-2.38,0.43,-1.77,-75.64,13.97,53.75
2.259302,-0.2261,-0.9438,0.2568,-2.20,0.43,-1.53,-75.68,13.94,53.73
2.259302,-0.2227,-0.9414,0.2573,-1.95,0.55,-1.46,-75.73,13.92,53.71
2.319677,-0.2236,-0.9395,0.2578,-2.14,0.61,-1.28,-75.78,13.90,53.69
2.319677,-0.2227,-0.9395,0.2563,-2.01,0.67,-1.04,-75.82,13.88,53.67
2.348874,-0.2227,-0.9395,0.2588,-2.08,0.67,-0.85,-75.87,13.86,53.65
2.348874,-0.2231,-0.9380,0.2568,-2.26,0.61,-1.04,-75.92,13.85,53.64
2.379948,-0.2212,-0.9419,0.2539,-2.14,0.61,-1.28,-75.96,13.84,53.61
2.379948,-0.2168,-0.9468,0.2476,-1.83,0.85,-1.40,-76.01,13.82,53.59
2.439577,-0.2178,-0.9478,0.2485,-1.40,0.98,-1.16,-76.05,13.79,53.56
2.439577,-0.2285,-0.9443,0.2529,-1.10,0.79,-1.16,-76.08,13.78,53.54
